{"mean": [0.4816744361448838, 0.40953024017462997], "cov": [[0.002987157243136051, 0.0006390215831457935], [0.0006390215831457935, 0.0008480751756441416]], "threshold": 0.02}